ID,Screen_Name,Country,,,,
786000000000000000,dev_avocado,,,,,
1070000000000000000,graphqlasia,India,,,,
15045378,chetan_raj,India,,,,
1273357860,ahuskano,Croatia,,,,
821920656,iUtsavB,India,,,,
3244792997,Nikhil17_namal,India,,,,
945000000000000000,imnarennaik,,,,,
2900493445,sandeepannam94,India,,,,
112242830,kmtabish,India,,,,
381939335,DrDmitriy,,,,,
15315321,navinkverma,India,,,,
946000000000000000,DavaDeveloper,,,,,
2448006618,liamdanielduffy,,,,,
2559463297,saha_varsha,,,,,
1070000000000000000,mariiapunda,,,,,
2748339535,javatpointfans,India,,,,
2351620814,rithinja,,,,,
57704366,iJitu,India,,,,
983000000000000000,stereoRaj,,,,,
1088902650,newtonanbarasu,India,,,,
140342484,imanujagarwal,India,,,,
4088958078,malgamves,India,,,,
1110000000000000000,miniconf_dev,India,,,,
1450888928,imisslovelove,China,,,,
1110000000000000000,haresh_nair,,,,,
2745223546,dalipkumar703,India,,,,
1110000000000000000,kiranmai_dharma,,,Male,0,0
839000000000000000,dineshuthakota,India,Yes,Male,64921,0
1110000000000000000,tapgigs,India,,,,1
3258906265,kidaa007,India,Yes,Male,0,1
906000000000000000,Neha_a_b,,No,Female,0,1
985000000000000000,BarodiyaKaushik,,No,Male,0,0
191936505,knowingrohan,India,Yes,Male,65877,0
3235469630,Joy_wolfenstein,India,No,Male,76430,0
856000000000000000,geekrishabh,India,No,Male,59871,0
775000000000000000,gauravm4444,India,No,Male,0,0
176804619,gobinathco_,,Yes,Male,60496,1
830000000000000000,harshalpatel791,India,No,Male,105954,1
109833221,nishanbende,India,Yes,Male,82675,0
1010000000000000000,VishvaPt,India,No,Male,0,0
1070000000000000000,hegdeashwin3,India,Yes,Male,89921,1
24172856,rohitsengar,India,Yes,Male,91523,1
1080000000000000000,Adi91504276,,No,Male,0,1
52327916,rajpatel507,India,Yes,Male,107811,1
427373048,RingoSingson,India,No,Male,0,1
86541330,gaurav5430,India,No,Male,0,1
4856290319,devanshdoesdab,India,No,Male,0,1
88238378,yilmazogras,,No,Male,0,0
87128082,vijays__,,No,Male,0,1
2691990476,Neha301192,India,No,Female,77129,0
58987572,shreysudan,India,No,Male,0,1
735247112,MPefi,France,Yes,Male,99504,1
201798154,pablo_AFC,USA,Yes,Male,107866,1
3257443633,Poojavpatel71,India,No,Female,0,0
947000000000000000,palashg7563,India,Yes,Male,89230,1
387833562,rajavijayach,India,Yes,Male,69723,1
2840379278,prateekpandeycr,India,Yes,Male,101890,1
89901102,rahuljan03,India,Yes,Male,75591,0
627042920,Rahulcs754,India,Yes,Male,101136,0
1070000000000000000,ashokdey_,India,Yes,Male,84752,1
2498289235,__shriram,India,Yes,Male,81605,1
1110000000000000000,Gaurav24397548,,Yes,Male,0,1
545140550,dhilipkmr_,India,Yes,Male,78006,1
776000000000000000,ARShinde77,India,Yes,Male,61560,0
752000000000000000,elaiyarajael,,No,Male,0,0
935000000000000000,RicoDragneel,India,Yes,Male,89055,0
2412508609,_pranav_singhal,,Yes,Male,103444,1
801000000000000000,Vidushi_lnm,India,No,Female,0,0
281395323,TechiePriyaRnjn,India,Yes,Female,104522,0
1080000000000000000,kdailytimes,Taiwan,Yes,Male,105647,1
984000000000000000,niksharma1997,India,Yes,Male,79368,1
1050000000000000000,ZeptoBook,USA,Yes,,78737,0
961000000000000000,ReactNotAConf,Bulgaria,Yes,,,0
1010000000000000000,burjwalcodes,India,No,Male,84681,0
2607323780,rhs26797,India,Yes,Male,72627,1
2235966110,sandyGJ3,India,Yes,Male,70134,0
2812959698,ankitutekar1695,India,Yes,Male,105883,0
1000000000000000000,PriyankaSaggu4,India,Yes,Female,99390,0
202217941,yashrajnayak,India,Yes,Male,78571,1
4613861166,sriker_ch,,Yes,Male,109811,1
1100000000000000000,jaskirat626,,Yes,Male,67781,0
978000000000000000,__Vaibhavi,India,Yes,Female,77340,0
91774610,SatnamBajwa,India,No,Male,0,0
2402918743,me_pandarao,,Yes,Male,74298,0
572828014,SUM4NTH,India,Yes,Male,70372,0
777642348,ganeshmani009,India,Yes,Male,109403,0
1680507342,Muskein,India,Yes,Male,62420,1
1100000000000000000,_shishir01,,Yes,Male,103830,0
2282449609,mursalinhq1,India,No,Male,0,0
3310298359,gregarious_Yash,India,No,Male,0,0
1113826800,santa_jyp,India,Yes,Male,72324,1
181924561,bardfarstad,Norway,No,Male,96019,1
974000000000000000,EhSuhail,,No,Male,0,0
169908217,willsharma,India,Yes,Male,67396,0
449795883,rajatkantinandi,India,Yes,Male,105080,0
2840773003,1_Saravanan_1,,No,Male,0,0
51681771,vaibhavsatam,India,Yes,Male,67359,0
2438242627,justinjohnym,India,Yes,Male,0,0
340748463,GopeshMedayil,India,Yes,Male,102259,1
994000000000000000,Punitbatra6,,No,Male,0,0
917000000000000000,InsEstevesCard1,England,No,Female,0,0
229810054,hemanthkatam,India,No,Male,0,1
2429771382,Saiffuddin_A,,No,Male,0,1
1090000000000000000,AjinkyaDivekar1,India,No,Male,0,1
810000000000000000,pcdond,,No,Male,0,0
329071457,SelvamThiru,India,No,Male,0,0
775000000000000000,codalyze,India,Yes,,,1
26249664,pearl_pathira,USA,Yes,,72505,1
782000000000000000,TheTallpants,India,Yes,Male,63795,0
259748643,iparidhee,,No,Female,108624,1
976000000000000000,JHaydenDev,USA,No,Male,81647,1
43526293,nverdhan,,No,Male,0,1
975000000000000000,EBector,,No,Male,0,0
579039616,TheStrazz86,Italy,Yes,Male,99216,0
1060000000000000000,millington_max,,Yes,Male,94530,1
797000000000000000,manvisinghwal,India,No,Female,83392,0
53060355,eubenesa,USA,No,Male,74221,1
805000000000000000,uday_bhaskhar,,No,Male,0,1
68197338,vaibhav7779,India,No,Male,0,1
3013326215,Industrys0929,Colombia,No,Male,0,1
304818314,gopal5388,India,No,Male,0,1
311384366,pradheep_s1,,No,Male,0,0
2951569418,reactweek,USA,Yes,,,0
309141756,HadeebFarhan,India,Yes,Male,0,0
876000000000000000,Anshumaniac12,India,Yes,Male,82777,0
1040000000000000000,MS80797354,,No,,0,0
361714425,alishaan7,India,Yes,Male,60418,1
27629864,kkranthi438,India,No,,70843,1
955000000000000000,ashishpani98,India,No,Male,0,0
193260396,ReeyahSDasoriya,USA,Yes,Female,94223,1
789000000000000000,aneeshmjblr,,No,Male,0,1
57700501,sandeep1990,India,No,Male,0,0
162424155,smitthakkar_,USA,Yes,Male,67123,0
166712207,_Karan_Verma,India,Yes,Male,89454,1
813494940,Nischal012,Australia,Yes,Male,100947,1
475635945,AjitZero,,No,Male,72254,0
873000000000000000,zeerorg,India,No,Male,109939,1
471052250,SanIkerDeMadrid,India,No,Male,81700,0
1021564291,Will_Richards17,Australia,No,Male,0,0
23331269,AneesAhammed,Ireland,No,Male,109762,0
168493747,Gobinda_Thakur,India,No,Male,0,0
1100000000000000000,mostlyfullstack,India,No,,0,1
903000000000000000,mr_pallagatti,,No,Male,0,1
792000000000000000,KedarGhule,India,No,Male,0,0
855000000000000000,bkcpro_kun,,No,Male,0,0
738000000000000000,itsVagabond,India,Yes,Male,94950,0
1579694822,webdevadi,,No,Male,0,1
1100000000000000000,PeachtreeDevs,USA,Yes,,,1
963000000000000000,SoftwareTalksIO,,Yes,,,0
230672887,madhushegde,India,No,Male,105874,1
874000000000000000,VikasSi25579022,India,Yes,Male,91075,0
132251994,greedy_reader,,No,Male,71392,1
2468948005,531996dipika,India,No,Female,72368,0
214538724,justperfect_jp,India,Yes,Male,63302,1
2993997973,naveenkharwar0,India,Yes,Male,91920,0
48739411,Kamalakshan,India,No,,0,1
1312812116,tarunnagpal78,India,No,Male,0,0
917000000000000000,gokulnair_333,India,Yes,Male,0,0
2945374159,jayesh_behera,India,Yes,Male,0,0
2817098683,vaibhavsingh97,India,Yes,Male,0,0
64985039,acharya_saugat,India,Yes,Male,108360,0
903000000000000000,utiwari99,India,Yes,Male,0,0
1020000000000000000,_akshitaggarwal,India,Yes,Male,0,0
851000000000000000,kolhar730,,Yes,Male,0,0
172689239,umesh1134,,No,Male,0,1
1070000000000000000,In2TWild,,Yes,Male,71592,1
946000000000000000,spiralisc3,,No,,0,0
273563863,BhimteBhaisaab,India,Yes,Male,91538,0
365387247,Sriabi1711,India,Yes,Female,73875,1
738000000000000000,antarikshc,India,Yes,Male,66286,1
1010000000000000000,SwatiSingh24_1,India,Yes,Female,102258,0
754546993,sthennarasan,India,No,Male,0,1
1960736904,barbara_markie,Poland,No,Female,76728,1
114232237,vinupatidar,India,No,Male,0,1
2567011554,prashbht2,,No,Male,61091,0
1080000000000000000,DhruvParekhDp,India,No,Male,0,1
1100000000000000000,Veerweb,India,No,Male,0,0
977000000000000000,hunky_hemu,India,Yes,Male,108586,1
1060000000000000000,anothrbrick,India,No,Male,0,1
1090000000000000000,MaryVorontsov,,No,Female,79752,0
22391615,gauravsainicom,,No,Male,0,0
70834899,aseemnishad,India,Yes,Male,65997,0
3219762822,keviv_raj,India,Yes,Male,111006,1
1100000000000000000,ArushiS70541153,,No,Female,0,1
843000000000000000,TaleyaMirza,Pakistan,Yes,Female,73620,1
1418141305,Aditya7bgp,India,No,Male,0,0
918000000000000000,n_k_jadhav,India,No,Male,0,0
2878260134,PariharPrahalad,India,No,Male,0,0
763000000000000000,imdebo0701,India,Yes,Male,0,1
2578155136,droid_aj,India,Yes,Male,61533,0
1050000000000000000,Santhul7,,No,Male,0,1
388910302,kuppuswamy_,India,No,Male,0,0
2855778433,sayhitoharshit,India,Yes,Male,95707,1
16949221,sanketmaru,India,Yes,Male,100512,1
769000000000000000,vaibhav_khulbe,India,Yes,Male,77608,1
1010000000000000000,JaiwalPriya,India,No,Female,0,0
113637433,akshay5995,India,Yes,Male,84773,0
901280838,JoshiRohini,,No,Female,0,1
956000000000000000,aayush1408,India,Yes,Male,107177,1
290386672,AananthCibi,India,Yes,Male,100448,1
3778687993,Harshitkedia32,India,Yes,Male,75340,0
3252309152,aadii104,India,Yes,Male,59913,0
73160458,Gianluigui,,No,Male,0,0
752000000000000000,nar3ndraReddy,India,No,Male,0,0
805000000000000000,Tauseefahmad360,India,Yes,Male,71907,1
116693176,adityadonthi,India,No,Male,0,0
2150118962,BondParkerBond,USA,Yes,Male,68088,0
598060018,Root3d,Netherlands,Yes,Male,108080,1
465320668,DMDeGiorgio,,No,Male,0,0
19921528,jasperfurniss,USA,Yes,Male,96395,0
143404399,hitriz,India,Yes,Male,0,1
4221552800,sauravjaiswal99,India,Yes,Male,58469,0
70471250,Nikhilvenkat,USA,No,Male,0,0
2397657062,aliveRakesh,India,No,Male,0,1
705185776,varijkapil13,Germany,Yes,Male,109015,1
186399570,devevignesh,India,Yes,Male,92488,1
1420125049,naderskhan,Malaysia,Yes,Male,96040,1
2534951532,blazesingh,,No,Male,0,1
1040000000000000000,DevBranchCo,,No,,0,1
3104826008,iamabraarsyed,India,No,Male,109474,1
60881350,abhinavdalal,,No,Male,73912,1
129125027,metweetshere,,No,,0,0
756000000000000000,bitfumes,India,No,,,0
113054250,ashishburps,India,Yes,Male,0,0
2776322588,mddanishyusuf,India,Yes,Male,111414,1
778000000000000000,NisamProgramer,,Yes,Male,72447,0
388137231,Srikanth__K,India,Yes,Male,110573,0
446948080,Arvind0937,India,No,Male,0,0
3016529752,daslusan,India,Yes,Male,100870,1
245436689,ssnitcherz,India,Yes,Male,69052,0
215180522,murali_shyam,,No,Male,0,0
14440172,dalcib,India,No,Male,0,1
3304396118,Krutarth_H_Dave,India,Yes,Male,101986,0
816000000000000000,theSealedTanker,India,No,,0,0
1610481602,ItsGaneshRao,,No,Male,0,0
78844147,shah_nidhi,USA,No,Female,0,0
85152398,el_rodrix,Argentina,Yes,Male,70579,1
919000000000000000,samer_elaila,Israel,Yes,Male,0,1
2267494582,mateeqazam,Pakistan,Yes,Male,0,1
272299369,gauravabbhi,India,No,Male,0,1
400752418,Akshay_Komarla,India,No,Male,0,0
1091881279,rizwan_chouhan,India,Yes,Male,60775,1
44573995,_mandava,,No,Male,0,0
76722363,samuelsunil,India,Yes,Male,88752,0
270980248,elcfm,Mexico,Yes,Male,81563,1
859000000000000000,bhautiktweets,,Yes,Male,0,0
56631228,B4bharat,India,Yes,Male,64356,1
30617861,harshaldb,India,No,Male,0,0
19080573,RahulAkaRaw,,Yes,Male,104774,0
1010000000000000000,_digi0ps,India,Yes,Male,86651,0
20973030,swashata,India,Yes,Male,73997,1
123930262,FARHANCHAUHAN,India,No,Male,0,0
1212939583,Berna1100,,Yes,Male,90232,1
798000000000000000,aditya81070,India,Yes,Male,66962,0
598666276,mohamedzamakhan,USA,Yes,Male,78435,0
27604371,johnsaa,,Yes,Male,92009,0
736000000000000000,alamba78,USA,No,Male,0,0
53388766,DKundel,USA,Yes,Male,62403,0
928000000000000000,smit_rajput19,India,Yes,Male,75582,1
934000000000000000,MyPhoneNo11,,No,,0,0
76608911,prameet95,India,Yes,Male,77381,1
2326100205,PrajwalPshetty3,,No,Male,0,1
909000000000000000,_akashtomar07,India,Yes,Male,73939,0
902000000000000000,BuilderXio,,Yes,,,1
3514625473,geekyants,,Yes,,,1
38650390,hk07,India,No,Male,0,0
151950142,karangarg45,,No,Male,103353,1
1168170840,CgCnu,India,Yes,Male,82451,1
1050000000000000000,HellenMa8,China,Yes,Female,61886,0
37239040,Rajali,USA,Yes,Female,99690,1
899000000000000000,_sudo_user,India,Yes,Male,80450,1
42186974,sidag95,India,Yes,Male,73212,0
2925967158,dhruvsoni243,,No,Male,0,1
3771252013,jamal_uddin95,Bangladesh,Yes,Male,108975,1
1030000000000000000,aks2899,India,Yes,Male,105881,0
116774959,raghavyadavm,USA,Yes,Male,103485,0
3689615653,shrutishastri49,,Yes,Female,74583,0
579791747,VallinayagamT,India,Yes,Male,92215,0
629147062,ilu_shah,India,Yes,Male,63181,1
144403319,NAVNEET35371,India,Yes,Male,101349,0
1014749154,EtEesh,,Yes,Male,69042,0
17308938,rakesh314,India,Yes,Male,100914,1
2832041766,chowderpally_s,India,No,Male,0,0
872000000000000000,Karthic200ai,India,No,Male,64177,0
1040000000000000000,ShahiAmulya,India,No,Male,105749,0
161930955,g11aurav,,No,Male,0,1
16104510,nsisodiya,India,Yes,Male,108944,0
463746645,ThisIsDrashti,India,Yes,Female,108635,0
2231021286,poojasachdev07,India,No,Female,0,0
734000000000000000,vcelim,,No,,0,0
959000000000000000,Shubham6059,India,Yes,Male,58894,1
16822867,hiddenpearls,India,Yes,Male,106208,0
67858085,SunilMishrajee,India,Yes,Male,88142,1
1080000000000000000,latviancoder,Germany,Yes,Male,90904,0
52749902,kumaranando85,,No,Male,0,1
765000000000000000,hareram_in,India,No,Male,0,0
825000000000000000,ragulnn,India,Yes,Male,83968,0
1090000000000000000,programmerbayo,,Yes,Male,105395,1
702971576,_SharangD,India,Yes,Male,71688,0
863000000000000000,suhas_m0re,India,Yes,Male,61419,1
756206203,pradeeprajput17,India,No,Male,0,1
4266354029,DamianWiluszPL,Poland,No,Male,0,0
20833008,sanutweets,India,No,Female,0,1
2506058598,Ramyarag,India,Yes,Female,103232,1
960996241,NikhilBAsrani,India,Yes,Male,100521,0
38641588,SachinGupta_21,India,Yes,Male,78803,0
890000000000000000,brendanrc2,USA,Yes,Male,73139,0
2606708015,juliopiubello,,Yes,Male,93954,0
15217996,ubuntufreak,India,Yes,Male,80302,0
3166357982,_rohitguptab,India,Yes,Male,79533,1
956000000000000000,karannagupta,India,Yes,Male,76161,1
827000000000000000,nikjiandani,India,No,Female,0,0
1590134413,WjavierRey,,No,Male,0,1
58498675,analistacarlos,Brazil,Yes,Male,111469,0
3013677914,syedsaad_h,India,Yes,Male,72676,1
2812613432,shashikashyap_,India,Yes,Male,0,1
484757555,andreepratamaa,Indonesia,Yes,,60562,0
2880827541,gautamdsheth,India,Yes,Male,80597,1
131441861,ImSatyamJain,,No,Male,0,1
2528300678,SiricillaChandu,India,No,Male,0,1
1100000000000000000,AshnaShrotri,,No,Female,71173,0
979000000000000000,YashGan49786730,India,Yes,Male,0,0
1030000000000000000,rathkalyforgna,Cambodia,Yes,Male,104402,1
267272157,Biekxyjr,Canada,No,Male,0,0
1090000000000000000,ratan50457168,,No,Male,0,0
202145506,KotechaRonak,India,No,Male,0,0
1100000000000000000,SaberiBehzad,,Yes,Male,86310,0
1050000000000000000,vaishali_anand_,India,No,Female,0,0
14354471,fnthawar,Canada,Yes,Male,95138,0
117126597,silentsakky,India,Yes,Male,0,0
444110163,_arpitgoyal,India,No,Male,80571,0
966000000000000000,KhandakerRuhan,India,Yes,Male,91201,0
312474591,pereiraryan20,India,No,Male,0,0
15805930,muneef,India,Yes,Male,80621,0
2187272340,jayeshkattar,India,Yes,Male,75813,0
920000000000000000,bharadwaja12b5,India,No,Male,0,1
611315788,rbhattad31,India,Yes,Male,76930,0
17754322,devlogesh,India,Yes,Male,89200,1
53632018,_vkbansal,India,Yes,Male,72299,1
1056862171,avijit_12,India,Yes,Male,74713,0
119380077,Hazardify,India,Yes,Male,77996,0
1513091822,iamsasivarnan,India,Yes,Male,74363,1
1050000000000000000,DineshKotwani7,,No,Male,0,1
1040000000000000000,avi_codes,India,Yes,Male,94736,0
245621008,smediavetter,India,No,,82534,1
164675716,anishbenji,,No,Male,90319,0
285332771,Live2loveall,India,Yes,Male,59040,1
75300050,sitharth,India,Yes,Male,64250,1
48670398,santihbc,Spain,Yes,Male,83182,0
4606112658,beingpragmatic0,India,Yes,Male,65704,1
2909248496,anubhav_bhambri,,Yes,Male,64772,0
1100000000000000000,punit018,India,No,Male,0,0
54499958,kotzendekrabbe,Germany,Yes,Female,100179,0
57903103,Esandeep,,No,Male,0,0
796000000000000000,iamrajusc,India,No,Male,0,1
3342764489,Soyeb7Patel,,Yes,Male,67144,0
65827039,pratheekhegde,India,Yes,Male,85741,1
1030000000000000000,imjgalt,,No,Male,0,0
336943584,__lakshya,India,Yes,Male,109950,0
259762320,hbarve1,India,Yes,Male,99120,0
3525731952,ajInkya060,,No,Male,0,0
35177237,sougatopal,India,Yes,Male,62680,0
840000000000000000,devmrin,India,Yes,Male,83687,1
2933420017,lucifierpraveen,India,Yes,Male,110237,1
2425218325,disha4mourya,India,Yes,Female,90058,0
2224076556,iamshadmirza,India,Yes,Male,96008,1
2985053977,MellowDipti,,No,Female,68100,1
2823994548,pandhare31,India,No,Male,0,1
1080000000000000000,GulistanHabibi,,No,Male,0,1
1050000000000000000,RizwanAkram07,India,Yes,Male,91500,0
628675942,pooyax14,India,Yes,Female,103856,0
229032703,Made_In_France,Netherlands,Yes,Female,81978,1
940000000000000000,hayden_dev,USA,Yes,Male,70046,1
16094558,yogeshnarayanan,India,Yes,Male,78950,1
527473314,yelkarthik,India,Yes,Male,67500,0
389397351,aviskarkc10,,No,Male,0,1
561999406,arjunsjv,India,Yes,Male,90722,1
318902554,_syadav,India,Yes,Male,110548,0
2822447060,IamAliHesari,Turkey,Yes,Male,104614,1
3242995677,LeoDOTng,USA,Yes,Male,81418,1
1090000000000000000,IanMarkind,USA,Yes,Male,107747,1
59334367,dikaoru,,No,Male,0,1
817000000000000000,owlcatsky,,No,Female,0,1
1090000000000000000,BLUETANZANITEV1,Tanzania,No,,0,1
975000000000000000,AbdulMa11730144,,No,Male,0,1
750000000000000000,RamKrish2079,,No,Male,0,0
1030471896,iamgrawal,India,No,Male,85784,0
230351243,MurliPrajapati_,India,No,Male,0,0
194466972,yoopratik,India,Yes,Male,105567,0
2772917634,joelgroy,,No,Male,0,0
4726278595,sarathachyuta,India,No,Male,0,0
626528450,swarupbam,India,Yes,Male,99988,0
2430823759,__tushar,India,No,Male,0,0
3312195121,_smellycode,India,Yes,Male,95212,1
202565165,jpradeep90,India,Yes,Male,110141,1
968000000000000000,siddhant_shenoy,,No,Male,0,0
98895109,hemratna,India,Yes,Male,72132,0
2554824000,marias_martin,India,No,Female,65601,0
1287827934,thecodinguy,India,Yes,Male,85867,0
2330924354,castillo__io,India,Yes,Male,69059,0
255670400,Opherv,,Yes,Male,58739,1
581829125,isantoshv,India,Yes,Male,87545,0
52490292,ItsMayho,USA,Yes,Male,79266,1
1030000000000000000,ankitsingh8447,India,Yes,Male,86021,0
419412786,swtit,India,Yes,Male,63410,0
489115750,bhagone,India,No,Male,0,1
510145331,pGxplorer_,,Yes,Male,106798,1
869000000000000000,_ArunGanesan,,Yes,Male,0,1
2761719122,hie_hie_hue,India,Yes,Male,61898,0
2511861392,varunjoshi995,India,Yes,Male,86587,1
344276754,xennygrimmato_,,Yes,Male,76231,0
1467179864,abhaynikam13,India,Yes,Male,67724,1
1583803118,dakshhmehta,India,Yes,Male,108172,0
3304466527,mufc_mohit,,Yes,Male,81314,0
798000000000000000,anujakothekar,India,Yes,Female,58941,1
91323327,igoy_k,India,No,Male,0,1
2833820833,_navneet_singh,India,Yes,Male,83025,0
1090000000000000000,code_crabs,,Yes,,69590,0
33810386,akkias,India,Yes,Male,69317,0
62873899,tovishalck,India,Yes,Male,67008,0
152352998,bestopensource,India,Yes,,,1
14435843,sgrove,USA,Yes,Male,76491,0
253331584,OnFireAni,India,Yes,Male,72672,0
14727221,amarstays,India,No,Male,0,0
1151519174,gulshansainis,India,Yes,Male,88332,1
354478884,BunshnNoJutsu,,No,,78643,0
2826037957,_rishichandra,India,Yes,Male,69834,0
131514933,nnatter,India,Yes,Female,0,1
228955867,abhi_hk95,India,No,Male,0,1
74701270,thaman_r,India,No,,0,1
810000000000000000,bhoomikhanapara,India,No,Female,0,0
741285805,kulkarniankita9,Canada,Yes,Female,59862,1
337511656,andrers52,Brazil,Yes,Male,99510,1
977907374,PChandwaskar,USA,Yes,Male,94519,0
1080000000000000000,nikumu_,Brazil,Yes,Male,100632,0
515540454,gokul_i,India,Yes,Male,109192,1
1114846243,sudheendrakv,India,No,Male,0,0
213999519,MakChan15,India,No,Male,0,1
840000000000000000,raivaibhav08,India,No,Male,73352,1
255476701,_manipalreddy,India,Yes,Male,83080,1
1080000000000000000,anotherJsGuy,India,Yes,Male,82399,0
1515431461,JASMINVIRDI,India,Yes,Female,72297,1
571645452,iam_himadri,India,Yes,Male,63896,0
772000000000000000,TheHemalPatel,India,Yes,Male,70003,0
1030000000000000000,indiancodinggrl,India,No,Female,65942,1
89728749,bhuvana31,,No,Female,0,0
705000000000000000,Jeyakumar_Mu,India,Yes,Male,100439,0
76062506,geeky_writer_,USA,Yes,Male,0,0
1368708277,praveenj1979,Australia,Yes,Male,74322,1
2817915986,BBharadava,India,Yes,Male,88268,1
1060000000000000000,Meerava47090453,India,No,Female,0,1
1030000000000000000,codemonk08_,,No,Male,0,1
1090000000000000000,itskritikashar1,,No,Female,0,0
277003409,thakurballary,India,Yes,Male,77095,1
906000000000000000,_bala15,,Yes,,66472,0
1010000000000000000,Akii_20,India,Yes,Female,0,1
761000000000000000,g33kyshivam,India,Yes,Male,93428,0
115664230,chetangaya,India,Yes,Male,60353,1
2749314320,stripathi813,,Yes,Male,84967,1
1090000000000000000,him231210,,No,Male,0,1
127459945,john1jan,India,Yes,Male,65734,0
20665457,svivekjain,India,Yes,Male,82729,1
1010000000000000000,appjsconf,Poland,Yes,,,1
2799165607,Argishtyfirst,,No,,0,0
859000000000000000,besnikbarani,,No,Male,0,1
1050000000000000000,VijeeshVijay10,India,Yes,Male,0,1
57680095,shirshandu,India,Yes,Male,0,0
754444,Thilak,Netherlands,Yes,Male,90155,1
1090000000000000000,DattaVitore,,Yes,Male,59053,1
329046064,jaffreyjoy,India,Yes,Male,77361,1
872000000000000000,chan_dasari,India,Yes,Male,79875,0
116711344,pa1samd,,No,Male,0,0
951000000000000000,KeshavKishore17,India,Yes,Male,60679,1
2451226982,Pratap2210,India,No,Male,0,0
28601777,MatthewGerstman,USA,Yes,Male,62950,1
1020000000000000000,MaheshwariShuk4,India,No,Female,89222,1
1010000000000000000,reactdelhincr,India,Yes,,,1
808000000000000000,nikolaykuz_spb,Russia,Yes,Male,77441,0
844000000000000000,ajayns08,India,Yes,Male,88857,1
2254725050,HPhade,,No,,0,1
832000000000000000,snowballtweets,Norway,Yes,,,0
91074667,svmahendra,India,Yes,Male,58851,0
2690017584,KirtiJalan194,India,Yes,Female,63028,1
2248766490,StalwartCoder,India,Yes,Male,78177,0
1650129775,dev__adi,India,Yes,Male,81700,1
388757624,kay_2695px,India,Yes,Male,97920,1
984000000000000000,santroshg,India,No,Male,110483,0
1367261095,MohitKarekar,India,Yes,Male,0,0
1010000000000000000,ChaalPritam,India,Yes,Male,66769,1
225305789,AkshayRaut1321,India,Yes,Male,80036,1
2415667260,_Abhi_Thorat_,India,Yes,Male,91572,1
1200086179,Salman18Dev,India,Yes,Male,0,0
1080000000000000000,Meet100Patel,India,No,Male,0,1
1549924620,gc_nit,India,Yes,Male,74496,0
1056152730,kurtiskemple,USA,Yes,Male,92735,0
1090000000000000000,HarshalVekariy2,,No,Male,0,1
564371753,ashishnandansin,India,Yes,Male,95101,0
1060000000000000000,CworksD,Turkey,No,,,0
3225415627,ShoaibBagwan89,,No,Male,0,0
843000000000000000,GhantaCelebrity,India,,Yes,71867,1
1020000000000000000,sathishlakshs,India,No,Male,0,1
931000000000000000,behll_shrreya,India,Yes,Female,94767,0
1903179894,gagandpratihar,India,Yes,Male,61988,0
2740556334,cristian_or_,Germany,Yes,Male,109654,1
1367268577,NiSuSam,,No,Male,110668,1
14932338,ajitbohra,India,Yes,Male,103659,0
1374516235,iamsourabhh,India,Yes,Male,77055,1
3014775405,Yogeshwar235,India,No,Male,0,0
263271112,mdvacca,USA,Yes,Male,93155,0
102969198,guen2,,No,Male,0,1
156511035,RamirezAlex_,Colombia,Yes,Male,79778,0
1080000000000000000,da4shana,,No,Female,0,0
977000000000000000,Stockmarker1,,No,Male,0,1
1080000000000000000,schezfaz10,India,No,Female,71537,1
1060000000000000000,atifzai17767069,,No,Male,0,1
7618412,erikras,Spain,Yes,Male,63763,1
559612669,_noob09_,India,No,Male,0,1
911000000000000000,AGurindapalli,India,Yes,Male,65396,1
955000000000000000,awesome_aj1298,India,Yes,Male,94666,1
4771987074,manishb94,India,No,Male,0,0
2778377991,_damilare21_,USA,No,Male,0,0
429696944,amanrathore10,India,y,Male,79287,0
111849491,arki7n,India,No,Male,83274,0
1070000000000000000,ReactNewYork,,Yes,,,1
1285511592,Satyajit435,India,Yes,Male,89075,1
3316710091,Amal_Jossy,India,Yes,Male,105238,0
15605823,mauryaratan,India,Yes,Male,111251,1
825000000000000000,stoiclord,,No,Male,0,1
363514576,vishal_rvg,,No,Male,0,1
939000000000000000,_smajethia,India,Yes,Male,95544,1
86565439,vmanasvi,France,No,Female,89164,0
963000000000000000,_hridaySharma,India,Yes,Male,71729,0
774000000000000000,TuldaB,,No,Male,0,1
819000000000000000,Avishek_Singha_,India,No,Male,0,0
3272041368,iAmAyan007,India,Yes,Male,58736,1
925000000000000000,milon9a,Colombia,Yes,Female,84872,0
1080000000000000000,gullyBoy_,India,No,Male,0,1
1080000000000000000,BracketsJs,India,Yes,,,0
54223800,dnagpal755,India,No,Male,0,0
775000000000000000,ny3t0,USA,No,Male,71749,1
1341698755,shailz1994,,No,Female,0,1
458165243,join2ashish,India,Yes,Male,103985,0
390978600,Ganapativs,India,Yes,Male,92439,1
2870452211,vsrnth,India,Yes,Male,91374,0
3023190535,SurendraGalwa2,India,Yes,Male,76504,1
1080000000000000000,PranitaKhaire,India,Yes,Female,0,0
1381282808,PavankDasireddy,India,No,Male,108883,0
894000000000000000,batrasoe,India,Yes,Male,73835,1
840000000000000000,_aatikakhan_,,No,Male,65788,0
99241334,5Hmishra,India,Yes,Male,110547,0
1438170206,bommuchetan,India,No,Male,97014,0
720000000000000000,sandipauti11,India,Yes,Male,82404,1
23493364,vaaybhav,India,No,Male,0,0
3439199675,princersingh696,No,No,Male,0,0
2931264434,bhuvanakotees1,Yes,Yes,Female,96111,1
941716483,BoradAkash,India,No,Male,0,0
1020000000000000000,_NeilRay,India,No,Male,69909,1
300092236,ayyoo_,India,No,Female,0,0
803000000000000000,yashguptaz,India,Yes,Male,91899,1
227910163,sitaramshelke,India,Yes,Male,89646,1
785000000000000000,ThisIsMePreet,,Yes,Male,0,0
114433165,gaurav_2704,India,Yes,Male,76387,0
949000000000000000,rahulkr_js,India,No,Male,0,0
2421685238,sankalp_ranade,India,Yes,Male,82028,0
136677077,svinaya,,No,Male,0,1
2824964047,nidhitandon08,India,Yes,Female,108859,1
1080000000000000000,SivapriyaR1,,No,Female,0,0
936000000000000000,sebastianACD,,No,Male,0,0
723000000000000000,iamchetanp,India,Yes,Male,65528,1
4092774013,SagarRouth05,India,Yes,Male,0,0
2922642488,haryleaf,India,Yes,Male,104630,1
357330319,imRajMayank,India,No,Male,0,0
131115829,srimohancool,India,Yes,Male,76931,0
807000000000000000,Rutuja_Ghule,India,Yes,Female,85362,1
4364853135,_piyush052,India,Yes,Male,60683,1
866110010,ananth_akr,India,Yes,Male,82919,0
1080000000000000000,yadavforce,India,No,Male,0,0
427476219,gauravchl,,Yes,Male,64995,0
4927988651,jovarg7,India,Yes,Male,86954,1
859000000000000000,_kiran_rawat_,India,No,Female,0,0
77172546,AanchalSareen,,No,Female,0,1
485822865,jitubutwal144,Germany,Yes,Male,97366,1
1484149070,kamdishantanu,India,No,Male,63985,1
899000000000000000,alblackwelldev,USA,Yes,Male,95292,0
2858248399,ch_akanksha,India,Yes,Female,91595,1
1030000000000000000,Shivang70585770,India,Yes,Female,68041,0
1630030681,Srushtika,India,Yes,Female,68413,1
148054394,learn_n_share,,No,Male,88441,1
17129715,anilbpai,USA,Yes,Male,61204,1
70116921,Vishnu_Baliga,India,Yes,Male,58093,0
51853465,mailsanjayyadav,India,Yes,Male,106475,0
3277299950,yuvrajpandey24,India,,Male,71713,0
1040000000000000000,multiwebtechsol,India,Yes,,,0
3254617124,tanyashah95,,No,Female,0,1
1006415220,vugadgets,,No,,0,0
3289405982,Sarita_ku,,No,Female,0,1
2270141797,FriendlyVishal,India,No,Male,0,1
1321791662,raghukannan786,India,No,Male,0,0
297808774,_akshay_milmile,India,Yes,Male,58375,1
308272453,justvishal30,India,Yes,Male,74036,0
980000000000000000,mharinair,India,No,Male,0,1
3232445628,s0uravmahat0,India,No,Male,0,1
147894410,sachinsasidhar,India,No,Male,0,0
1040000000000000000,IyerEBalaji,India,Yes,Male,74881,0
2291390918,ghishadow,USA,No,Male,0,1
128809084,rachitkmishra,India,Yes,Male,67630,0
730000000000000000,TheCiceerGuy,Nepal,No,Male,0,1
807000000000000000,sibumaiti,India,No,Male,88551,0
1321892958,shaheedhudheen,India,No,Male,0,1
212875101,11apollonian,India,Yes,Male,62515,1
2729518120,Geetay10,USA,No,Female,97497,0
515706655,a_rhanizar,Morrocco,Yes,Male,61290,0
264897011,vishalmukadam,India,Yes,Male,100935,1
1070000000000000000,SVyshnavRaj2,,No,Male,0,0
1060000000000000000,miki_grrrl,Norway,Yes,Female,87718,1
1348298840,ganesh_kss,India,Yes,Male,83036,0
71237161,rkutty,USA,Yes,Female,89439,1
304221445,jithinbaluz,,No,Male,0,1
1040000000000000000,Stud2design,India,Yes,Male,110275,1
723000000000000000,agarwalankit911,India,No,Male,0,0
300916453,JaydeepKataria,India,Yes,Male,108990,0
1034198456,coolronakshah,India,Yes,Male,74080,0
187329551,nanovazquez87,France,Yes,Male,105208,0
787000000000000000,papa___jones,India,Yes,Male,62736,0
3152818485,bhagat088,India,Yes,Male,61466,1
69869246,imJenal,India,Yes,Female,78427,1
1488402804,sreemohan94,India,No,Male,0,0
828000000000000000,verdaccio_npm,,Yes,,,0
767115324,parmarnikhil07,India,Yes,Male,98621,1
878000000000000000,chichee1010,India,No,Female,0,1
812304054,ShrinathSNayak,India,No,Male,0,0
3362035366,reactjsday,Italy,Yes,,,1
612920348,foxitreade,Japan,No,Male,105273,0
90428841,know_vikash,India,Yes,Male,97078,0
893000000000000000,vardhanapoorv16,India,Yes,Male,104389,1
972000000000000000,knowbalpreet,India,Yes,Male,60987,0
2583564192,muhsinkeramam,India,Yes,Male,79074,0
591607712,SavSharma2,,Yes,Male,86039,0
1678349533,RishabBansal400,India,No,Male,0,0
96507861,candid_pk,,Yes,Male,110033,0
813000000000000000,muhila_d,,No,Male,0,0
857496300,kratigya0705,India,No,Male,0,1
604505364,EyadKobatte,India,No,Male,0,0
3534271519,letsmobility,India,No,,,1
985000000000000000,EthanJohns20,UK,Yes,Male,83819,0
2279309128,jamilnoyda,India,Yes,,89990,0
89117658,rajeshbatth,India,No,Male,0,1
922845834,msrishu65,,No,Male,0,1
2725974030,jogaleumesh,India,Yes,Male,68461,1
133044545,_MohanMurali,India,Yes,Male,98444,1
2300488118,_GiuMagnani,Italy,Yes,Male,82750,0
936000000000000000,itsprakash87,,No,Male,0,0
470813846,AayushDutt,India,Yes,Male,0,1
156085409,_Sevat,Netherlands,No,Male,78129,1
1070000000000000000,RiyaGup05018221,India,No,Female,0,1
3278831401,AskSatyamBansal,India,Yes,Male,78192,0
1125038484,bietkul,,No,Male,100729,0
132142095,imsontosh,India,Yes,Male,99808,0
205345849,prabaSundaram,,No,Female,0,0
2330055096,ipal127,India,Yes,Female,87683,1
604351782,tweet_akshat,India,Yes,Male,60173,0
83134006,chandanrjit,UAE,Yes,Male,67354,1
93609097,sriansri,India,No,Male,0,1
516449118,randomkrishna,USA,Yes,Male,64874,0
455028296,shashankms97,India,Yes,Male,75563,1
1060000000000000000,ReactNorway,Norway,Yes,,,1
78868741,radhasatam,Canada,Yes,Female,81672,1
2295922085,kmanishk1,India,No,Male,0,0
26963395,alejandronanez,USA,Yes,Male,60757,0
4471304655,bit_src,Israel,Yes,,,1
789000000000000000,ishvar165,,No,Male,0,0
150891311,prtkkmrsngh,,Yes,Male,62047,0
32346410,BharatMhaskar,India,Yes,Male,76435,1
1557200736,divymhjn,India,Yes,Male,110462,1
1050000000000000000,mmmmmckay_,USA,Yes,Male,65845,1
962000000000000000,rohan_sh20,,No,Male,108899,0
903000000000000000,Vinaybx0,,Yes,Male,0,0
3062733906,vedantkoditkar,India,No,Male,65828,1
123015239,s1thsv,India,Yes,Male,83478,0
2819746820,sagar_dev44,India,Yes,Male,94636,0
799000000000000000,shyam528,India,Yes,Male,79107,0
292773438,abhisheksatre,India,Yes,Male,95766,0
997000000000000000,howtocoder,India,Yes,Male,,1
1446562680,sameer_cse,India,Yes,Male,107756,1
82035623,techieshravan,India,Yes,Male,94454,1
181575363,SabiqueAkhan,India,Yes,Male,83445,1
2911272965,byteconf,USA,Yes,,,1
286108707,Aneesh6,,Yes,Male,0,1
239217275,thatlokiiguy,,No,Male,0,0
163488318,neeharv,,Yes,Male,100313,1
3220018082,Parth_Nandaniya,India,Yes,Male,58100,0
271078250,itsashis4u,India,Yes,Male,111942,1
2892833474,2into2into2,India,Yes,Male,67037,0
1000000000000000000,scripter_x,,Yes,Male,64037,0
555878589,TanveerAli_S,India,No,Male,0,1
1393329157,sach199,India,Yes,Male,110817,0
2829477288,nkhlem,India,Yes,Male,110259,1
896000000000000000,Mahesh__Nandam,India,Yes,Male,82813,0
404046175,vijaymotupalli,India,Yes,Male,106371,1
361033577,KishoreBarik,India,Yes,Male,105354,1
44843266,AshikNesin,India,Yes,Male,89112,1
77531367,fahadkhan1740,India,Yes,Male,100265,0
75763810,krtkram,India,No,Male,0,0
1522501201,DivyaShah22,USA,No,Male,80957,0
300186393,tehMoJoJojo,India,Yes,Male,108405,1
71788914,akash_padhiyar,India,Yes,Male,96870,0
1722608600,krave8,,No,,0,0
1040000000000000000,creators_tech,India,Yes,,,0
4732327633,makkBit,India,Yes,Male,61191,0
2731615638,vka_me,India,Yes,Male,100661,0
537250732,sachindra149,India,Yes,Male,98831,1
121127492,shivi_rana9,,Yes,Male,108886,0
114431207,KarandikarMihir,India,Yes,Male,97308,0
909000000000000000,DARKSIDEHACKER1,India,Yes,Male,61418,0
118181611,AndriiMutylo,,No,Male,0,1
637099740,kapilgorve,India,Yes,Male,89739,1
719000000000000000,_smitray,India,Yes,Male,98014,1
89017350,operatino,United Kingdom,Yes,Male,99790,0
100711336,tusharmath,India,No,Male,0,0
728000000000000000,debasiskolsaha,India,Yes,Male,77589,1
14351242,MetalHaze,USA,Yes,,106687,0
7340612,alolita,USA,Yes,Female,79674,0
99690213,siddhu93,India,Yes,Male,111699,0
1020000000000000000,hkulur,,Yes,Male,64282,1
2583098944,iamtylerwclark,,Yes,Male,59337,1
2685460062,chndr_s,India,Yes,Male,94315,1
711000000000000000,eumentis_cloud,India,No,Male,0,1
120417429,KrishnHelpIndia,,No,Male,0,1
994000000000000000,am__nani,,Yes,Male,63245,0
43547857,sachinmjadhav,India,Yes,Male,85342,0
391225460,MaheshTamboli1,India,No,Male,61922,0
55458561,pranaygp,USA,Yes,Male,59221,1
2157588368,ivandevp,Peru,Yes,Male,104778,0
210661912,aripalo,Finland,Yes,Male,59924,0
29212772,KirtiB,India,No,Female,0,0
177435341,rajajaganathan,,Yes,Male,99407,1
65660545,nikhilmadham,India,Yes,Male,107502,0
2979084360,anoopraghuvansi,India,Yes,Male,66856,0
191951266,aha_irshi,,No,Male,0,1
153524496,CompuIves,Netherlands,Yes,Male,86997,1
116995079,Shahul_Hameed_,India,Yes,Male,66616,1
1680637152,gk_dobariya,India,Yes,Male,95028,1
75990040,smswaroop,Germany,Yes,Male,100161,0
823000000000000000,harpr33t_s1ngh,India,Yes,Male,61511,0
1648115767,Kartheekjavvaji,,No,Male,0,0
4273947075,sagarkbhatt,India,Yes,Male,58673,1
732000000000000000,SappyBawa,Canada,Yes,Male,92706,0
1000000000000000000,CrystallizeAPI,Norway,Yes,,,1
2997057421,manirana0,,No,Male,83329,0
1608571176,s0urab,,Yes,Male,0,0
2799551544,PrevostClemToun,France,Yes,Male,109125,0
1966406382,armohammadi56,Iran,Yes,Male,87419,0
30828296,mallelapavank,India,No,Male,0,0
1030000000000000000,DenzilMartin3,,Yes,Male,101647,0
14201674,IndianGuru,India,Yes,Male,89649,0
3313648584,soooftie,,Yes,,99297,0
34567379,vikassen,India,Yes,Male,86172,1
323837508,sesankar11,India,No,Male,0,0
704000000000000000,Amaldevad,India,Yes,Male,86960,0
1158897613,monicalent,Germany,Yes,Female,98738,1
470179293,ManishBisht02,India,Yes,Male,107267,0
1679874157,KeerthanaK17,,Yes,Female,63719,0
3317955950,uditwapt,India,Yes,Male,85260,0
782000000000000000,vigzmv,India,Yes,Male,87081,0
918000000000000000,sgaikar1,India,Yes,Male,85822,1
837000000000000000,prsn_pal,India,No,Male,0,1
3013284511,vishnoi_ramesh,India,Yes,Male,90308,1
2580641589,CondeFranck,Ivory Coast,Yes,Male,70910,0
158471685,teja008,India,No,Male,0,0
1060000000000000000,LOKHANDWALA786,India,No,Male,61404,1
951000000000000000,chellusanju,,No,Female,0,1
2766837924,Deepak_dj26,India,Yes,Male,95010,1
1366636603,imtraptir,India,Yes,Female,109972,0
42688050,sanketsahu,India,Yes,Male,108951,0
963000000000000000,ashish10677,India,Yes,Male,93459,1
1000000000000000000,imakrp,India,Yes,Male,100032,1
289432423,91nitin,USA,Yes,Male,85724,1
52038730,rizviiqubal,UAE,Yes,Male,64437,1
51037927,phani8,USA,No,Male,0,1
958000000000000000,Himansh81926245,,No,Male,0,1
806757,dshaw,USA,Yes,Male,67776,0
88570710,shrutikapoor08,USA,Yes,Female,97021,1
3484161312,VivekNayyar09,India,Yes,Male,68194,1
15020656,sathyaprasad,USA,Yes,Male,68419,1
723000000000000000,GokulKrishnaM_,India,Yes,Male,101569,0
916492614,_anothercoder,India,Yes,Male,102103,1
511509817,shelarroshan,India,Yes,Male,106986,0
391960402,harshithkumarg,India,Yes,Male,102465,1
3172549380,malangaveUday,India,Yes,Male,78462,0
575493313,rohitgupta1694,India,Yes,Male,96173,0
102279373,yashvekaria,India,Yes,Male,111763,0
132096772,sshpritesh,India,Yes,Male,66266,1
465653692,SAITARUN1997,India,Yes,Male,90340,0
940000000000000000,Vaitheeswar7,India,Yes,Male,81018,0
120755450,BilalBudhani,India,Yes,Male,102353,1
20574528,NehaKadam,India,Yes,Female,96775,0
39716801,VeereshHawaragi,,No,Male,0,1
918000000000000000,golazynani,,No,Male,0,0
417978086,swap_a_b,Germany,Yes,Male,63162,1
2412913339,masteratul94,Sweden,Yes,Male,96386,1
875000000000000000,rehan_kodekar,India,Yes,Male,107180,1
743000000000000000,heykishan,India,Yes,Male,92202,0
1040000000000000000,DIYSTEM,India,No,,93671,1
1728672500,TarsbirSingh,India,Yes,Male,94020,1
1546501692,mohanmdesigner,India,Yes,Male,64448,1
1089458222,amrithm98,India,Yes,Male,105042,0
156653431,MarvinJMathew,USA,Yes,Male,84214,0
551709442,Livin_Mathew,India,Yes,Male,83353,1
164710235,Adityakotamraju,India,Yes,Male,65426,0
822000000000000000,akjsal,India,No,Male,0,0
629330603,_philpl,United Kingdom,Yes,Male,88441,1
295906021,AragonResearch1,USA,Yes,,,1
851000000000000000,ayyubrazazain,India,No,Male,0,1
386161024,LouBlankenhorn,,Yes,Male,83461,0
859000000000000000,atav1k,USA,Yes,Male,58612,0
42425673,athulsuresh,India,Yes,Male,62186,1
3221163492,dasheddashed,Canada,Yes,Male,83668,0
1040000000000000000,mestha_prasad,India,Yes,Male,100506,0
2306593490,Nijil_N,India,No,Male,78492,1
17426162,iMagesh,India,Yes,Male,101233,1
629966444,sujithroyal1,India,No,Male,0,0
1193729792,kumardprince1,,No,Male,0,1
1115989746,mohandere,India,Yes,Male,67120,0
1060000000000000000,PSabhagani,India,Yes,Female,102321,0
140827192,jithin_nair,India,Yes,Male,67114,1
326789533,SAyyanagowdar,India,Yes,Male,58099,0
800000000000000000,parulagg27,India,Yes,Female,60354,1
593834770,sun1lkumar,USA,No,Male,0,1
141215122,sarathmanchu,,Yes,Male,0,1
872000000000000000,samraj_cml,India,Yes,Male,88105,0
54500095,AminSpeaks,Norway,Yes,Male,83496,1
3165941179,akhilvc10,India,No,Male,0,0
272842091,_somu_,India,Yes,Male,69498,1
986276359,princi_ya,Germany,Yes,Male,71947,0
40217813,brendanpuck,Australia,Yes,Male,107436,1
9640252,kaushalc,India,Yes,Male,88360,0
2238646062,atvanguard,,Yes,Male,69922,1
784851175,Am_Vasi,India,Yes,Male,105276,0
153069119,aboopallikara,India,Yes,Male,106851,1
14540026,titash,Malaysia,No,Male,0,0
136670291,Saurabh_ariyan,India,No,Male,74384,0
49385846,therebello,India,Yes,Male,111955,0
853000000000000000,gvipul294,India,Yes,Male,96619,1
2267107398,gopalgoel19,India,Yes,Male,104947,0
344516365,_alkesh_,India,Yes,Male,101449,0
610108900,radulemnaru,Romania,Yes,Male,110115,1
112091447,shivam_codes,,Yes,Male,60098,0
1693139610,anushanadig,India,No,Female,105346,1
2541824234,pravidinesh6,India,Yes,Male,95734,1
1719988784,ckalpit,India,Yes,Male,60068,1
2526850231,namans_26,India,No,Male,0,1
204987317,_saikishore,,Yes,Male,70918,1
1706494826,PriyankaJaya,India,Yes,Female,96372,1
162327377,Gauravsharma531,India,No,Male,0,0
208001894,dadidaochieng,Kenya,Yes,Male,70393,1
1258631108,PriyaDBhatt,India,Yes,Female,98642,1
429587023,PrithveeshGoel,,No,Male,0,0
2515504308,saiprasad2595,India,Yes,Male,92575,0
2344654562,therookiepro,India,Yes,Male,77574,1
83134530,peterlazar1993,India,Yes,Male,72881,1
910000000000000000,jade_bhushan,India,Yes,Male,84775,1
122137078,Jaykeerti123,India,Yes,Male,92700,0
287049106,iamsolankiamit,India,Yes,Male,94741,0
206985484,bozzmob,India,Yes,Male,89782,0
195296097,ManasJayanth,India,Yes,Male,58266,1
2896744566,manoj_d_,India,Yes,Male,102038,0
141097308,ayanonly1,,Yes,Male,0,1
184695403,karthi51289,India,Yes,Male,63382,1
295045113,AdarshLilha,India,Yes,Male,99574,1
1930666430,Niteshgarg06,India,No,Male,0,1
387209128,ShibinCo,India,Yes,Male,103387,1
468626609,WebSavi,India,Yes,Male,86030,1
635620742,SlayerFizz,India,No,Female,0,1
19162704,hakimelekk,USA,Yes,Male,81218,0
2289218048,abinashpan,,Yes,Male,0,0
16339134,pavanpodila,India,Yes,Male,85906,1
3108699157,jainkuniya,India,Yes,Male,65500,0
27029898,johnny4young,Colombia,Yes,Male,95533,1
4706786834,webdevvamsi,India,No,Male,0,0
2565532897,geekypunjabi,India,Yes,Male,83544,1
217031093,pranesh_ravi,Ind,Yes,Male,62485,0
372724928,iravitejakumar,Ind,Yes,Male,81156,1
925000000000000000,archanaserver,,Yes,Female,93051,0
859794528,sushantbs,,No,Male,0,0
2924166739,_hardikmodha,India,Yes,Male,89311,1
21748110,anoop__gupta,United Kingdom,Yes,Male,69326,0
4690041618,NotAmaan,India,No,Male,0,0
1475077862,premp_singh,India,Yes,Male,105663,0
1000000000000000000,AquilaStrother,USA,Yes,Male,81116,1
34325325,anvaynk,India,No,Male,88357,1
1560804529,dssagar93,India,Yes,Male,107272,1
182173951,zsajjad93,Pakistan,Yes,Male,72098,0
805000000000000000,RohanAmbhore,India,Yes,Male,105449,0
1329661933,UdNaik,,No,Male,0,1
192625645,dandigangi,USA,Yes,Male,107374,1
291203414,ibrahim_broach,,Yes,Male,94444,1
157683950,samuelpaulc,India,No,Male,0,1
3882975672,godfernThirteen,India,Yes,Male,68345,0
3280860602,pukhral05,India,No,,0,1
3314784780,__manjunathad,India,Yes,Male,102550,0
214431729,on_stash,India,Yes,Male,103668,1
607290724,aegonsnow,,No,,0,1
15886909,mwarger,USA,Yes,Male,84152,0
163769369,ERBALRAMSINGH,United Kingdom,Yes,Male,99882,0
857000000000000000,entrepaman,India,No,Male,0,0
314971212,NisheedDroid,India,Yes,Male,65557,0
876000000000000000,RajMeghpara,,Yes,Male,105247,0
798000000000000000,nageshborate,India,No,Male,0,1
1282272680,sidntrivedi012,India,No,Male,69749,1
126039072,theharshin,India,Yes,Male,102069,1
465540681,md84h,India,Yes,Male,90315,1
2953091668,nirmalrizal,Nepal,Yes,Male,73985,1
2378080536,raghavio,India,Yes,Male,70383,1
1708972050,NurulSundarani,India,Yes,Male,105456,1
80003565,3sanket3,India,Yes,Male,93312,0
113443158,Harshattray,,No,Male,105312,0
870000000000000000,Kola_one,Nigeria,No,,0,1
2485576045,iamrkvin,,Yes,Male,90830,1
4790087700,gsam8t,India,Yes,Male,85018,0
1274189017,IbmIbrahimkasim,India,Yes,Male,88301,1
325298878,Vishal_coder,India,No,Male,74192,0
232088604,ankit_khachane,India,Yes,Male,88109,0
306718689,rake7h,India,Yes,Male,97258,0
54131238,ankurkakroo,India,Yes,Male,60023,0
2503997965,VineetDev,India,Yes,Male,66342,0
457803086,appnroll,Poland,Yes,,,0
738605216,IndranilChandra,India,Yes,Male,93620,0
547465380,ChrispinCharles,Tanzania,No,Male,0,0
15785152,bioliveira,Spain,Yes,Male,0,0
20761598,YogeshTweeting,,Yes,Male,92276,0
340231223,ReonSaji,India,Yes,Male,100757,0
1020000000000000000,vilvaathibanpb,India,Yes,Male,73708,0
121012898,NimitBhargava,India,Yes,Male,109660,0
1174482426,mappmechanic,India,Yes,Male,102785,0
318493265,ajitid,,No,Male,83683,1
194101414,tejasupmanyu,India,Yes,Male,102940,0
139669020,kalyandechiraju,India,Yes,Male,92790,1
74376075,navaltiger,India,Yes,Male,83735,0
722000000000000000,Holdenc75712782,USA,Yes,Male,77636,1
1010000000000000000,Shashank__kumar,India,Yes,Male,58592,1
1237235796,rampavan90,India,No,Male,80941,0
569353554,iamgowthamm,India,Yes,Male,75408,1
2260044152,mbmanohars,India,No,Male,0,1
39081269,mehuljb,,Yes,Male,89439,0
43299905,Piotr_Zientara,,Yes,Male,95437,0
709000000000000000,smohamedjavid,,Yes,Male,109523,1
2586840338,hellomeghna,Germany,Yes,Male,69408,1
2987379222,NithinCv_Poyyil,Australia,Yes,Male,68096,0
865000000000000000,abhi_nair_,India,Yes,Male,100441,1
900000000000000000,Sanjay_RPurohit,India,Yes,Male,98532,0
875844416,charlimit15,India,Yes,Male,90884,0
701000000000000000,Srijancse,India,Yes,Male,98703,0
75753267,parulbhargava09,India,Yes,Female,91592,0
2685104628,gawdeparag,India,Yes,Male,81088,1
2989739117,viradiya_sagar,India,Yes,Male,79649,1
376552820,devesh__verma,India,Yes,Male,98889,0
821000000000000000,budheshwarnath,India,Yes,Male,94361,1
492817311,sakthiiv89,,No,Male,0,0
139001013,natiuslife,Spain,Yes,Male,84703,1
47313714,naman1901,India,Yes,Male,82993,0
236273066,sanketgandhi876,India,Yes,Male,85536,0
2276618066,_ajay_gaur,India,Yes,Male,93044,1
1288873676,anirudhramesh95,India,No,Male,59863,0
22959479,SumanMishra,India,Yes,Male,106919,1
197344059,Ratik96,India,Yes,Male,66199,0
103079442,vamshi29292,India,No,Male,0,1
148046184,Sag2704,,No,Male,0,1
2316632196,_prateekbh,,Yes,Male,92658,1
1687224180,mrtordoide,,Yes,Male,84782,0
202967396,iamsajithk,India,No,Male,0,0
19849412,kanpou0108,,Yes,Male,73919,1
4858355258,arveearvind77,,No,Male,111743,1
749455278,NaveenS16,India,Yes,Male,91394,1
3261176462,sumitkharche01,India,Yes,Male,72859,0
901000000000000000,Shruti_Gandotra,,No,Male,0,1
39204414,RyanleeHamblin,USA,Yes,Male,83374,1
2545182344,ItsJigar,India,Yes,Male,60138,0
89984559,FriendsPehle,India,Yes,Male,89010,1
100407143,adithya_wulfric,,Yes,Male,85190,1
858000000000000000,jyotiarora2610,India,Yes,Female,84449,0
126413923,icookandcode,Canada,Yes,Male,81203,0
1010000000000000000,The1Rachakonda,India,Yes,Male,97789,1
834000000000000000,anuragsaklani4,India,Yes,Male,106955,0
1715664908,jagadeshbabut,India,Yes,Male,70912,1
363141550,abheecek,,No,Male,0,1
37193801,Areai51,India,Yes,Male,87764,1
1605779503,Abvishek,India,Yes,Male,66629,1
319643873,seganesa,India,Yes,Male,85661,0
2742176893,aNkt_10,India,Yes,Male,87459,1
3039806023,dattacrew19,India,Yes,Male,102296,1
932726646,anandkmr144,India,Yes,Male,65008,0
2519550648,kamalaknn,India,Yes,Male,76129,0
107414566,AnsumanShah,India,Yes,Male,87893,0
35252036,RiaGuru,USA,Yes,Male,85004,0
2409280087,geekykant,India,Yes,Male,66292,0
241848285,kartikag01,India,Yes,Male,59409,0
2661204320,getPiyush,USA,No,Male,0,1
2862330823,sainathbanuru,India,Yes,Male,79661,1
62876300,sreeharimohan,India,Yes,Male,62997,0
150753312,lbartroli88,Argentina,No,Male,0,0
1040000000000000000,Nikx127,India,Yes,Female,111478,1
2881958775,angelpiscola,USA,Yes,Male,103560,0
1060000000000000000,nain_shekhar,,No,Male,0,0
810000000000000000,hi_man_shoe,India,Yes,Male,60710,1
1391524202,theenadayalan_k,India,Yes,Male,77486,0
197375293,chaitanya_73,India,Yes,Male,72591,0
41052543,saorabhkr,India,Yes,Male,81059,1
2855445194,squiroid,India,Yes,Male,100756,0
813000000000000000,_reactdev,,Yes,,111908,1
55206753,frontendwizard,Brazil,Yes,Male,65018,0
3168644265,chetankgarg,India,Yes,Male,77018,0
737000000000000000,Akash13x,India,Yes,Male,90891,0
1479308450,alakhani28,India,Yes,Male,106579,0
151547839,rutvikhp,,No,Male,0,0
995677063,roshangautam0,Nepal,Yes,Male,97228,1
44936471,jaredpalmer,USA,Yes,Male,87946,0
252473758,rakendu_0310,India,No,Female,76013,0
57326380,13urstSkill,India,Yes,Male,87353,1
302438919,geraldchecka,India,Yes,Male,63672,0
4721299394,amir__mustafa,India,Yes,Male,67425,1
462483919,MathanKA,India,Yes,Male,87363,1
29733728,AviShastry,Mexico,No,Male,92088,0
1050000000000000000,Girish1Chandra,India,Yes,Male,105163,1
2832177740,gopaljeepurwar,,No,Male,0,1
33521530,swyx,USA,Yes,Male,67694,1
297389665,yeion7,Colombia,Yes,Male,109741,0
1000000000000000000,account_abo,,No,,0,0
440047022,AkashNigam08,India,Yes,Male,98542,1
90401691,kmandrup,,No,Male,0,1
403332313,pawan_gangs,India,Yes,Male,111630,1
951000000000000000,SajjadFarid7,Iran,Yes,Male,101224,1
14931821,montooshah,United Kingdom,Yes,Male,90016,0
750514308,GantLaborde,USA,Yes,Male,65011,0
434214433,side_swail,India,Yes,Male,98605,1
193856453,suomilk,Greece,Yes,Male,77521,0
1394531923,sagarhan_i,India,Yes,Male,74151,0
1662854214,kristin_baumann,Germany,Yes,Female,92176,1
51501080,Page_Source,India,Yes,Male,91879,1
905000000000000000,developerayo,Nigeria,Yes,Male,94645,1
784000000000000000,faultyatom,India,No,Female,0,1
3316898976,diwakersurya,India,Yes,Male,85071,0
312037717,PratikAgarwal6,India,Yes,Male,85034,1
911000000000000000,iamkanikamodi,,Yes,Female,111977,1
975000000000000000,ryands1701,India,Yes,Male,71657,1
122613177,saudalam,,No,Male,0,0
2783622667,amdsouza92,India,Yes,Male,105320,0
594746113,EricVicenti,USA,Yes,Male,108679,1
134896087,flsilva7,Brazil,Yes,Male,83701,0
30470512,kickstart530,India,No,Male,0,0
221157888,millermark21,USA,Yes,Male,94720,1
798000000000000000,aishwary0912,India,Yes,Male,93883,1
2377234968,anooprav7,India,Yes,Male,75518,0
1542663966,singla387,,No,Male,0,1
909000000000000000,adithyasai7979,Bavaria,No,Male,111622,0
62269147,codepodu,India,Yes,Male,60963,1
1241664642,tomisinlalude,Nigeria,Yes,Female,81279,1
865000000000000000,srotureau,France,Yes,Male,104870,1
1576887265,gdg_hyd,India,Yes,,,0
14904239,antoniochio,,Yes,Male,73265,1
2321786316,hishamparengal,,No,Male,82455,1
1606832910,thatbigredsun,,No,,0,0
156588709,miteshps,India,No,Male,62378,1
989000000000000000,pranshuchittora,India,No,Male,83136,0
96187488,ved_a,India,Yes,Male,69463,0
439709868,invokesus,,No,Male,103295,0
3726921512,devangbhuva97,India,Yes,Male,77126,1
204531932,Jay_Shah_C,India,Yes,Male,111856,1
300206119,bchilakala,India,Yes,Male,62452,1
28746456,seekshiva,,Yes,Male,84450,0
779515676,agarwalhriday,India,Yes,Male,64743,1
1040000000000000000,FazalRe97832514,India,Yes,Male,100389,1
68160850,panghal0,India,Yes,Male,63630,0
960000000000000000,Amitbisht511,India,Yes,Male,109714,0
1040000000000000000,__bellare,India,Yes,Male,102296,0
2269076221,SukritMishra10,,No,Male,0,1
987000000000000000,Akshay_Sakare,,Yes,Male,94134,0
69688805,Vegod,India,Yes,Male,65078,0
564748077,sravan_VJ,India,No,Male,0,0
22606888,pinku1,United Kingdom,Yes,Male,78929,1
156951199,oxbits,USA,Yes,Male,91339,0
1594835336,HamiltonFilmsNY,USA,Yes,Male,78132,1
345880067,silentsam0,India,Yes,Male,108053,0
371025206,GaneshDash_005,India,No,Male,0,0
60462978,Haribabu_v,,No,Male,0,1
835000000000000000,apurplestrand,,No,Female,0,0
304289713,Farzad_YZ,Finland,Yes,Male,80616,1
143450511,Vivekparekhh,USA,Yes,Male,74305,0
943000000000000000,omprakash___,,Yes,Male,96607,0
156740867,wiekatz,Germany,Yes,Male,90084,0
44645596,kunalgolani,Sweden,Yes,Male,80898,1
3299381624,Deep2322,,No,Male,0,1
1527774734,tarun_red,India,Yes,Male,103047,1
14120354,GNUmanth,India,Yes,Male,98068,1
1366210964,Jeet_csharp,India,Yes,Male,77480,0
2993620616,K0ushk,India,No,Male,0,1
1015215499,ashubly25,India,Yes,Male,110610,0
460296587,JustChinmay,India,No,Male,0,1
120501553,IamSandeshSoni,,Yes,Male,78045,1
41062070,deviator206,India,Yes,Male,59291,0
52322389,tanaypratap,India,Yes,Male,93300,1
141876451,VaibhavDhage,India,Yes,Male,92897,1
37892777,shemeermali,India,Yes,Male,83754,0
71268789,just_simpleon,India,Yes,Male,70230,1
152305973,astronomersiva,India,No,Male,108863,1
139054721,mpotomin,Germany,Yes,Male,88306,0
1030000000000000000,plukkemx,Mexico,Yes,,,1
319082394,VORAJALAK,India,Yes,Male,63802,1
975000000000000000,plibither8,India,Yes,Male,66058,0
29663483,vivensio,,Yes,Male,109641,0
30470000,nitinhayaran,India,Yes,Male,75553,1
36075132,maazadeeb6,India,Yes,Male,87285,1
227026641,tapas4java,Singapore,Yes,Male,78441,1
3012054320,MaheshHaldar,India,Yes,Male,85892,1
97189527,_riteshpandey,India,Yes,Male,97381,1
124059028,giovas_bernal,Mexico,Yes,Male,107335,1
316987310,_anshulk,India,Yes,Male,73972,1
749000000000000000,sabhi_with_abhi,India,No,Male,,0
522308328,ravigadila_,India,Yes,Male,62207,1
16371701,parikh_sagar,India,Yes,Male,109979,1
837000000000000000,carolstran,Germany,Yes,Female,103026,1
464548219,iamrahul92,Germany,Yes,Male,64241,0
72057125,pradeep_rajkumr,India,Yes,Male,76670,0
967000000000000000,rishading,India,Yes,Male,89123,1
80071559,satyattili,India,Yes,Male,74240,0
876000000000000000,ial_ok,,No,Male,0,1
2437023211,ritz078,India,Yes,Male,97905,1
769009760,sriksm19,India,No,Male,0,0
446998015,constpragya,India,Yes,Female,95985,1
3792449234,harithegooner,,No,Male,0,0
1368615301,jitinmaher,India,No,Male,0,1
740000000000000000,VermaPankaj7,India,Yes,Male,109974,0
842000000000000000,manvendra_22,India,No,Male,0,0
480589119,saifalfalah,,Yes,Male,70120,1
16346539,_zabhi,,No,Male,0,1
481375744,jaimindesai76,,No,Male,0,0
403587529,Thevenicelive,,Yes,Male,94915,1
1050000000000000000,PR4WEB,India,Yes,Male,100000,1
78599376,rohanray,India,No,Male,0,1
269730668,viralharia,India,Yes,Male,103486,1
2272235102,VladimirNovick,,Yes,Male,65802,1
620529570,SuganLalli,,No,Male,0,1
111970197,ebgranger,,No,Male,0,0
93116373,apvarun,India,Yes,Male,62039,1
274422008,bhavankris,India,No,Male,0,0
178634830,SahRckr,India,Yes,Male,67635,1
228292732,aayush7080,India,Yes,Male,80708,0
1623347875,ayushi10599781,India,No,Female,0,1
181168458,paw2xrwar,Phillipines,Yes,Male,107014,1
43500915,karthick_manoha,India,Yes,Male,80791,0
2335487304,kush_naive,,No,Male,0,1
437450406,Njiraniya,India,Yes,Male,69622,1
839000000000000000,kavinrajsi,India,No,Male,0,0
357640381,5achinJani,India,Yes,Male,67139,0
535557274,DuranCristhian,Argentina,Yes,Male,78381,1
302277849,ferrannp,Poland,Yes,Male,95559,0
2438217013,hiteshroy05,India,Yes,Male,91393,1
414633930,kYashRathore,India,Yes,Male,99355,0
86760086,wildesmiranda,,No,Male,0,0
749556404,Raalzz,India,Yes,Male,70154,1
3195585468,ankitjain28may,India,Yes,Male,94151,0
3696121513,_imGufran,India,Yes,Male,60555,0
406342353,poshakajay,India,Yes,Male,73612,1
1543179224,arbhalshankar,India,Yes,Male,111752,0
369403468,AniketSMK,India,Yes,Male,88532,1
741000000000000000,sxnaprkhr,India,Yes,Male,72707,0
2594805326,shobulive,India,Yes,Male,90214,1
2461115017,Zeeshan10091991,,No,Male,0,1
827000000000000000,tanvibhakta_,India,Yes,Female,89069,0
1256495779,Akash940,India,Yes,Male,97526,1
540052223,azizhk110,India,Yes,Male,71195,1
387293112,jeremenichelli,Spain,Yes,Male,106846,1
772000000000000000,Socialprateek,Spain,Yes,Male,65762,0
2960523083,AawazGyawali,Nepal,Yes,Male,94076,1
65506475,RahulGo8u,UAE,Yes,Male,86675,0
187203739,bishwenduk029,India,Yes,Male,90933,0
2348861676,__nazgul_,,Yes,Male,92183,1
633959545,maddy_chaudhari,India,Yes,Male,0,0
891266209,hackmum,India,Yes,,,0
38491175,AnkitDuseja,India,Yes,Male,69209,1
528123839,avigowdaC,India,No,Male,0,0
224003788,giovannibieller,Italy,Yes,Male,89504,1
141197921,007arunwilson,India,No,Male,65228,0
917000000000000000,ut_rajs,India,Yes,Male,104783,1
1436421180,nishtha_seth,India,Yes,Female,91467,1
434845940,mhetreramesh,India,No,Male,0,1
353229187,lithinn,India,Yes,Female,72226,1
366179681,ritesh_404,,Yes,Male,69957,1
4840333154,ishankbahl97,,Yes,Male,71596,0
28573887,h6165,India,Yes,Male,74832,1
572098452,pankajparkar,India,Yes,Male,69992,0
34628798,absrivastava11,India,No,Male,0,0
751000000000000000,peri_nikhil,India,Yes,Male,106008,0
800000000000000000,SaumyaTiwari29,India,Yes,Female,0,1
82055052,dhruvdutt,,Yes,Male,61467,1
49642568,_kingofnull,India,Yes,Male,68716,0
14257430,kiranaghor,Singapore,Yes,Male,80901,0
178969232,_rishabhmishra,India,Yes,Male,105027,0
835000000000000000,abhiisshakee,India,Yes,Male,87111,0
802000000000000000,w1n5rx,Germany,No,Male,0,0
3034714080,ankit_muchhala,India,Yes,Male,58131,1
722000000000000000,shivek_khurana,,Yes,Male,107365,0
1582436264,_guptaji_,India,Yes,Male,94124,1
1709462581,_ManasGupta_,India,Yes,Male,86474,0
1091181248,surya_jayaraj,,No,Male,0,0
3323330180,SalujaMohinder,India,No,Male,0,0
4680102404,StageGateMedia,Germany,No,,,0
459865406,shaibansidd,India,Yes,Male,83409,0
2767971563,dhanush13c,India,Yes,Male,95708,1
1050000000000000000,a_harshil1712,,Yes,Male,59291,1
1010000000000000000,biswajeet_137,India,Yes,Male,83881,0
1937943546,santosh71994,India,Yes,Male,75767,1
93212969,srinathgee,,No,Male,0,1
976000000000000000,vs_codes,,No,Male,0,1
2320143325,anuhosad,India,Yes,Female,110222,1
114329017,satya164,Poland,Yes,Male,107808,1
946000000000000000,Hemanth54771298,,No,Male,0,0
285497477,a1gupta,India,Yes,Male,68768,1
773000000000000000,shishiranshuman,,No,Male,0,1
40696786,AvivRubys,Israel,Yes,Male,110257,0
262027418,madebytushar,,Yes,Male,92278,1
153361700,ron4ex,,Yes,Male,99768,1
196970723,vatz88,,Yes,Male,84952,0
849000000000000000,sivahawking,,No,Male,0,1
4578654927,SathishCodes,India,Yes,Male,91363,1
913000000000000000,c_dharmateja,India,No,Male,0,1
138699402,NSivadass,India,Yes,Male,108592,1
26064509,kumarharsh,India,Yes,Male,79399,1
102011102,iamadi001,India,Yes,Male,107476,0
1903060381,tlakomy,Poland,Yes,Male,63535,0
217474961,lastnamearya,India,Yes,Male,99622,0
2424955544,imRupeshGoud,India,No,Male,0,1
31457410,Tushkiz,India,Yes,Male,98677,0
1541344832,shyamKodmad,India,Yes,Male,90847,1
203439841,ankurs3thi,India,Yes,Male,101827,0
865741076,srkchandru,India,No,Male,0,0
1019809242,arju_rp,India,Yes,Male,85309,0
955000000000000000,byte_walker,India,Yes,Male,63130,0
16463252,gkcgautam,India,Yes,Male,100601,1
25118763,Tiketti,Finland,Yes,Male,99808,1
630474904,_rangzen,India,Yes,Male,85718,1
1255223221,florian_adonis,France,Yes,Male,102766,1
66633498,bhupendra_nitt,India,Yes,Male,59731,0
341996370,KaaarThick,India,Yes,Male,108512,1
538939346,R_Ganesh1410,India,No,Male,0,0
309155968,nileshg89,India,Yes,Male,100113,0
85295416,jmlweb,Spain,Yes,Male,84418,0
62779638,rishitells,India,Yes,Male,73200,1
148598395,renganatha10,India,Yes,Male,74747,0
911000000000000000,ReactFinland,Finland,Yes,,,1
1030000000000000000,nikhilsindhu00,India,No,Male,109538,0
39703400,souvikbasu,India,Yes,Male,66889,1
757000000000000000,sabojisharsh,India,Yes,Male,77862,1
27500837,koste4,,Yes,Female,98719,1
307714600,DvvAvinash,India,Yes,Male,67103,0
393005767,nitish24p,India,Yes,Male,102572,0
168067517,imAnushree,England,Yes,Female,61399,0
49765108,pavanmehta,India,Yes,Male,71595,0
901714628,omarmosid,,Yes,Male,72552,1
15982541,CoryArmbrecht,USA,Yes,Male,62409,1
1892922919,shubhniksingh,India,Yes,Male,110026,1
86731307,siddharthkp,India,Yes,Male,101224,1
1080432326,soumikcv,India,Yes,Male,88668,1
2899309686,Lawrence4CODE,,Yes,Male,76701,1
379703117,SachiShettigar,,No,Male,0,0
977000000000000000,geekabyte_info,India,Yes,,,1
991000000000000000,Deepans41471032,,No,Male,0,1
4728386028,711_himanshu,India,Yes,Male,0,1
128941421,Ajexx,India,No,Male,0,1
801000000000000000,reeversedev,India,Yes,Male,85948,0
796000000000000000,satanizr,India,Yes,Male,88955,1
546131838,Revanthmahesh,India,Yes,Male,81797,0
35273367,benmvp,USA,Yes,Male,110315,0
178310729,imohitbhatia,,No,Male,0,1
820000000000000000,jsnovice317,,Yes,,0,0
3260949332,NTulswani,United Kingdom,Yes,Male,101005,0
4509850812,arwa18793,Singapore,Yes,,76007,1
152397872,ankibalyan,India,Yes,Male,64091,0
136592624,timePass2017,India,No,,0,1
1044984025,Meet_Zaveri,India,Yes,Male,99470,0
76099191,divyanshutomar,India,Yes,Male,65581,0
859152938,NileshP602,India,No,Male,0,0
1030000000000000000,vishalx360,India,Yes,Male,86782,0
2372168382,goyalankita35,India,Yes,Female,74082,1
14056590,HarshitPurwar,India,Yes,Male,98580,0
69869675,Manishalexin,India,No,Male,87212,1
911975797,hwk73,India,Yes,Male,84673,0
90151483,TejasKumar_,Denmark,Yes,Male,0,1
287581289,geekvijay,India,Yes,Male,76775,0
7657282,prashanth,India,Yes,Male,106697,0
28156131,pankajlagu,India,Yes,Male,98656,0
77895035,arjunskumar,India,Yes,Male,65209,0
2405996396,iamchathu,Sri Lanka,Yes,Male,67690,1
833000000000000000,shruti_hegde13,India,Yes,Female,108928,0
239295969,___mukul,India,Yes,Male,100178,1
120645789,deepakdavisc,India,No,Male,0,1
2770736689,kuldeepkeshwar,India,Yes,Male,0,1
532906019,aravindballa,India,Yes,Male,89398,0
918707834,kiran_abburi,,Yes,Male,59344,1
1145102406,iLakshmikanth5,India,No,Male,74620,1
1319947027,_vihangpatel,India,Yes,Male,87334,1
2927747995,kaarthek,India,No,Male,109279,1
286525447,punitmjain,India,Yes,Male,96986,0
3312218954,theIYD,India,Yes,Male,0,1
164698586,sangeeth96,India,Yes,Male,97590,0
174936900,apheri0,Germany,Yes,Male,110214,0
69091763,AbhimanyuTak,India,Yes,Male,80165,0
3138878365,ADube2293,Germany,Yes,Female,82354,0
4319181145,mariaddeepak,India,Yes,Male,99333,0
53870223,bogas04,India,Yes,Male,102192,1
35269324,email2vimalraj,India,No,Male,0,1
2187762096,ad1tyarao,India,Yes,Male,83983,0
2363542146,nitishk88,India,Yes,Male,106428,0
3024318067,parmarAnshul18,India,Yes,Male,58611,1
147170805,ramyadlapalli,India,Yes,Male,81289,0
133298197,chakrihacker,India,Yes,Male,105975,0
113654036,IamANM,USA,Yes,Male,61995,1
921000000000000000,Etienne_dot_js,France,Yes,Male,104843,1
15920155,shimjudavid,India,Yes,Male,60352,1
99482856,itsyogesh18,India,No,Male,0,0
213285424,shahidify,USA,Yes,Male,104404,1
1854681409,geekysrm,,Yes,Female,67489,0
18333663,vicqr,Spain,Yes,Female,81299,0
53972928,winkerVSbecks,Canada,No,Male,0,0
118623710,metapraveen,Germany,Yes,Male,70902,1
48006556,PixelsCommander,Netherlands,Yes,Male,92427,0
17189394,dabit3,USA,Yes,Male,98094,1
2296428188,geekykaran,United Kingdom,Yes,Male,79707,1
1245747631,PKodmad,Australia,Yes,Female,87122,1
696000000000000000,RazaikBoparai,,Yes,Male,0,0
55828245,rex_raph,,Yes,Male,65484,1
57656376,nacmartin,,Yes,Male,85271,0
283028503,dinesh_vgp,India,Yes,Male,97603,1
995000000000000000,boris13459193,India,Yes,Male,64388,0
2389889588,piyukore06,Germany,Yes,Female,101593,1
872000000000000000,ReactAlicante,Spain,Yes,,,1
2866374967,manjula_dube,Berlin,Yes,Female,72272,1
706000000000000000,pwadhwani2592,India,Yes,Female,87073,1
1030000000000000000,garunprabu,,Yes,Male,104760,1
47604221,sivakpalanisamy,India,Yes,Male,0,0
852000000000000000,007raghavRaghav,,No,Male,0,0
1843811478,shashankkeshava,India,Yes,Male,88302,0
926000000000000000,visd10,,No,Male,0,0
966923725,piyushmahen,India,Yes,Male,93983,0
718000000000000000,ocius_in,India,Yes,,,0
747000000000000000,ImSunilDhas,India,No,Male,0,1
363464865,deen_john,India,Yes,Male,80794,1
541513268,karanjariwala47,India,Yes,Male,76065,0
3149551206,nitte93,,Yes,Male,72467,1
1100773189,jsmitrah,,Yes,Male,110199,1
803000000000000000,aiopn,,Yes,Male,90329,0
714000000000000000,aga5tya,India,Yes,Male,75181,1
74130799,wrajess,India,Yes,Male,0,1
768000000000000000,malik_lakhani67,,No,Male,0,1
799000000000000000,yalampa,India,Yes,Male,93042,1
1439028158,neevany,India,Yes,Male,69908,1
539109945,rini_shah,USA,No,Female,83021,0
2588345408,paulr_rohan,India,Yes,Male,88554,1
2817176228,dipesh_prajapti,India,Yes,Male,83700,1
615087812,ravins90,India,No,Male,0,1
178357709,imbhargav5,India,Yes,Male,102113,0
2667543230,mohdmasoodalam,,No,Male,0,1
181912710,Shoaibbhimani,India,Yes,Male,60422,1
2580473120,sourcefreeze,,Yes,,,0
140178926,BlancosWay,India,Yes,Male,64437,1
24393063,worldpiece,India,No,Male,0,0
2426577204,kmathur7,USA,Yes,Male,0,1
237218065,pramod_pummy,India,No,Male,0,0
387260848,pure_fn,,No,Male,0,1
36906121,nix_u_nix,India,No,Male,0,0
235902802,Amit_Thawait,India,Yes,Male,59631,0
14892228,sdaas,India,Yes,Male,84632,0
46169732,shrayasr,India,Yes,Male,77768,1
46917209,NotSoSleepy,India,No,Male,0,0
150700993,kushdilip,India,Yes,Male,89388,1
2497113061,dandwatesunil,United Kingdom,Yes,Male,109167,1
100926058,heisenbugger,Germany,Yes,Male,66378,1
75520239,bdawar,India,Yes,Male,61966,0
17776672,becomingGuru,India,No,Male,0,1
96311254,da_vaibhav,India,Yes,Male,63596,1
304832670,Mayank_chd,India,Yes,Male,82208,0
14613296,nileshtrivedi,India,No,Male,0,1
1593171,threepointone,United Kingdom,Yes,Male,80075,1
124430990,choyalpramod,India,Yes,Male,92218,1
131738517,s_brij_verma,India,No,Male,63529,0
3013988358,_abhi_R,India,Yes,Male,75764,0
779986633,dmdeepakcool389,India,No,Male,0,1
4412942663,fintroductions,USA,No,,,0
3291441575,vaikuntn,India,Yes,Male,100639,1
346507940,gurpritgold,India,Yes,Male,63409,0
895202000000000000,JoshKuttler,Israel,Yes,Male,86254,1
9284062,gerardsans,United Kingdom,Yes,Male,68846,1
117299682,SpRokr,India,No,Male,0,1
1115550000000000000,Supriya83988815,,No,Female,0,1
1074010000000000000,GyanWeiser,India,No,,0,1
113835618,nanafellow,India,Yes,Male,96710,0
1080120000000000000,SenSunita19,India,Yes,Female,91328,1
831085483,pathik_devani,India,No,Male,0,1
34545170,rhythmicspeed,India,Yes,Male,106493,1
1074990000000000000,dhavalc_,Singapore,No,Male,0,0
294131332,LajeetAdhikary,India,Yes,Male,109248,0
1175502906,MeixnerTobias,China,Yes,Male,100314,0
339047187,bhavingandha9,India,No,Male,0,1
